{
  "test_size": 27,
  "severity": {
    "macro_f1": 0.35551948051948046,
    "micro_f1": 0.48148148148148145,
    "weighted_f1": 0.5177970177970178,
    "accuracy": 0.48148148148148145,
    "labels": [
      "P0",
      "P1",
      "P2",
      "P3"
    ],
    "per_class": {
      "P0": {
        "precision": 0.0,
        "recall": 0.0,
        "f1-score": 0.0,
        "support": 2.0
      },
      "P1": {
        "precision": 0.5714285714285714,
        "recall": 0.4444444444444444,
        "f1-score": 0.5,
        "support": 9.0
      },
      "P2": {
        "precision": 0.875,
        "recall": 0.5,
        "f1-score": 0.6363636363636364,
        "support": 14.0
      },
      "P3": {
        "precision": 0.16666666666666666,
        "recall": 1.0,
        "f1-score": 0.2857142857142857,
        "support": 2.0
      },
      "accuracy": 0.48148148148148145,
      "macro avg": {
        "precision": 0.40327380952380953,
        "recall": 0.4861111111111111,
        "f1-score": 0.35551948051948046,
        "support": 27.0
      },
      "weighted avg": {
        "precision": 0.6565255731922398,
        "recall": 0.48148148148148145,
        "f1-score": 0.5177970177970178,
        "support": 27.0
      }
    }
  },
  "category": {
    "macro_f1": 0.35591168091168085,
    "micro_f1": 0.2962962962962963,
    "weighted_f1": 0.23838239949351062,
    "accuracy": 0.2962962962962963,
    "labels": [
      "deploy",
      "networking",
      "database",
      "capacity",
      "auth",
      "other"
    ],
    "per_class": {
      "deploy": {
        "precision": 0.5,
        "recall": 0.07692307692307693,
        "f1-score": 0.13333333333333333,
        "support": 13.0
      },
      "networking": {
        "precision": 0.25,
        "recall": 0.5,
        "f1-score": 0.3333333333333333,
        "support": 2.0
      },
      "database": {
        "precision": 0.3333333333333333,
        "recall": 0.2,
        "f1-score": 0.25,
        "support": 5.0
      },
      "capacity": {
        "precision": 0.2857142857142857,
        "recall": 1.0,
        "f1-score": 0.4444444444444444,
        "support": 2.0
      },
      "auth": {
        "precision": 0.5,
        "recall": 1.0,
        "f1-score": 0.6666666666666666,
        "support": 1.0
      },
      "other": {
        "precision": 0.2222222222222222,
        "recall": 0.5,
        "f1-score": 0.3076923076923077,
        "support": 4.0
      },
      "accuracy": 0.2962962962962963,
      "macro avg": {
        "precision": 0.34854497354497355,
        "recall": 0.5461538461538461,
        "f1-score": 0.35591168091168085,
        "support": 27.0
      },
      "weighted avg": {
        "precision": 0.3935920047031158,
        "recall": 0.2962962962962963,
        "f1-score": 0.23838239949351062,
        "support": 27.0
      }
    }
  }
}